City_ID,City,Country,Lat,Lng,Max Temp,Humidity,Cloudiness,Wind Speed,Current Description
0,Vaini,TO,-21.2,-175.2,80.76,89,40,12.66,scattered clouds
1,Karratha,AU,-20.7377,116.8463,84.0,29,3,15.77,clear sky
2,Naze,JP,28.3667,129.4833,79.72,68,100,15.5,overcast clouds
3,Castro,BR,-24.7911,-50.0119,64.06,96,100,0.54,overcast clouds
4,Hualmay,PE,-11.0964,-77.6139,63.07,86,50,9.6,scattered clouds
5,Saint George,US,37.1041,-113.5841,79.63,35,1,1.01,clear sky
6,Butaritari,KI,3.0707,172.7902,81.63,69,7,14.18,clear sky
7,Pisco,PE,-13.7,-76.2167,62.65,82,0,13.8,clear sky
8,Kutum,SD,14.2,24.6667,73.36,23,100,7.25,overcast clouds
9,Mahebourg,MU,-20.4081,57.7,70.25,88,40,8.05,scattered clouds
10,Hermanus,ZA,-34.4187,19.2345,60.8,88,0,14.74,clear sky
11,Puerto Ayora,EC,-0.7393,-90.3518,68.56,94,87,5.01,overcast clouds
12,Dubai,AE,25.2582,55.3047,85.98,45,0,5.01,clear sky
13,Kagay,PH,6.0088,120.9074,85.41,70,14,5.57,few clouds
14,Arraial Do Cabo,BR,-22.9661,-42.0278,70.61,86,96,22.48,overcast clouds
15,Atuona,PF,-9.8,-139.0333,78.51,75,4,19.53,clear sky
16,Yellowknife,CA,62.456,-114.3525,38.41,95,90,1.01,light rain
17,Souillac,MU,-20.5167,57.5167,70.36,88,40,8.05,light rain
18,Mataura,NZ,-46.1927,168.8643,67.48,43,100,3.02,overcast clouds
19,East London,ZA,-33.0153,27.9116,63.05,87,18,12.19,few clouds
20,Flin Flon,CA,54.7682,-101.865,58.37,49,100,10.56,overcast clouds
21,Busselton,AU,-33.65,115.3333,58.05,80,100,11.07,overcast clouds
22,Port Alfred,ZA,-33.5906,26.891,63.99,86,7,19.51,clear sky
23,Port Lincoln,AU,-34.7333,135.8667,58.95,45,21,7.54,few clouds
24,Ushuaia,AR,-54.8,-68.3,38.86,100,75,34.52,light rain
25,Thinadhoo,MV,0.5333,72.9333,83.5,73,85,12.24,overcast clouds
26,Geraldton,AU,-28.7667,114.6,55.81,62,0,5.75,clear sky
27,Show Low,US,34.2542,-110.0298,69.51,44,1,12.66,clear sky
28,Bluff,NZ,-46.6,168.3333,67.8,68,98,2.19,overcast clouds
29,Longyearbyen,SJ,78.2186,15.6401,33.64,86,90,9.22,light snow
30,New Bern,US,35.1085,-77.0441,75.45,83,1,4.61,clear sky
31,Sinnamary,GF,5.3833,-52.95,80.46,83,100,8.95,overcast clouds
32,Pitimbu,BR,-7.4706,-34.8086,77.59,82,14,13.96,few clouds
33,Saint-Pierre,RE,-21.3393,55.4781,69.48,73,0,4.61,clear sky
34,Zhuhai,CN,22.2769,113.5678,86.11,79,20,18.41,few clouds
35,Tsiroanomandidy,MG,-18.7667,46.0333,64.08,69,1,2.39,clear sky
36,Saldanha,ZA,-33.0117,17.9442,57.25,67,0,9.28,clear sky
37,Egvekinot,RU,66.3167,-179.1667,26.2,85,100,14.83,overcast clouds
38,Whitehorse,CA,60.7161,-135.0538,41.77,48,75,11.01,broken clouds
39,Dikson,RU,73.5069,80.5464,30.36,77,100,5.95,overcast clouds
40,Hithadhoo,MV,-0.6,73.0833,83.41,74,60,11.56,broken clouds
41,Auray,FR,47.6703,-2.9918,60.75,92,93,4.25,overcast clouds
42,Maputo,MZ,-25.9653,32.5892,70.23,81,100,1.01,overcast clouds
43,Bitkine,TD,11.9801,18.2138,79.65,34,12,2.82,few clouds
44,Saint-Francois,FR,46.4154,3.9054,42.24,96,75,1.14,broken clouds
45,Cape Town,ZA,-33.9258,18.4232,63.27,55,0,1.99,clear sky
46,Markivka,UA,49.5229,39.5705,40.41,43,91,11.05,overcast clouds
47,Ntoum,GA,0.3833,9.7833,76.77,99,100,3.83,heavy intensity rain
48,Punta Arenas,CL,-53.15,-70.9167,44.71,70,20,23.02,few clouds
49,Saskylakh,RU,71.9167,114.0833,23.56,96,100,12.33,light snow
50,Pevek,RU,69.7008,170.3133,26.53,76,100,11.16,overcast clouds
51,Pak Thong Chai,TH,14.7226,102.0251,77.25,90,100,1.99,overcast clouds
52,Ranong,TH,9.9658,98.6348,75.13,92,100,13.71,light rain
53,Portland,US,45.5234,-122.6762,60.28,82,75,1.01,broken clouds
54,Susehri,TR,40.1644,38.0867,42.91,89,6,2.42,clear sky
55,Roald,NO,62.5833,6.1333,52.9,87,90,13.8,overcast clouds
56,Ambilobe,MG,-13.2,49.05,68.16,82,67,2.84,broken clouds
57,Tiksi,RU,71.6872,128.8694,27.82,89,100,10.63,overcast clouds
58,Guerrero Negro,MX,27.9769,-114.0611,71.82,71,34,15.57,scattered clouds
59,Qaanaaq,GL,77.484,-69.3632,19.58,63,5,8.08,clear sky
60,Srednekolymsk,RU,67.45,153.6833,24.96,63,62,7.7,broken clouds
61,Hobart,AU,-42.8794,147.3294,56.05,51,40,5.01,scattered clouds
62,Lethem,GY,3.3803,-59.7968,80.31,73,95,6.04,overcast clouds
63,Loiza,PR,18.4313,-65.8802,84.18,80,40,17.27,scattered clouds
64,Kodiak,US,57.79,-152.4072,51.31,82,90,5.75,overcast clouds
65,Creel,MX,27.75,-107.6333,59.99,59,32,5.77,scattered clouds
66,Isangel,VU,-19.55,169.2667,82.51,61,75,16.11,broken clouds
67,Taltal,CL,-25.4,-70.4833,60.84,73,69,3.98,broken clouds
68,Arlit,NE,18.7369,7.3853,81.57,15,0,9.57,clear sky
69,Fortuna,US,40.5982,-124.1573,64.18,67,20,5.01,few clouds
70,Ribeira Grande,PT,38.5167,-28.7,71.85,87,100,12.03,overcast clouds
71,Kapaa,US,22.0752,-159.319,84.18,74,20,1.99,few clouds
72,Tokmak,UA,47.2514,35.7058,41.81,40,0,16.17,clear sky
73,Sekoma,BW,-24.4,23.8833,71.62,38,91,9.15,overcast clouds
74,Klaksvik,FO,62.2266,-6.589,47.32,83,100,22.15,overcast clouds
75,Lagoa,PT,39.05,-27.9833,70.72,87,100,14.18,overcast clouds
76,Cabo San Lucas,MX,22.8909,-109.9124,91.71,51,1,10.36,clear sky
77,Port Elizabeth,ZA,-33.918,25.5701,61.09,94,0,9.22,clear sky
78,Luderitz,NA,-26.6481,15.1594,57.78,72,0,5.23,clear sky
79,Mayo,US,38.8876,-76.5119,71.56,85,90,5.01,overcast clouds
80,Milyutinskaya,RU,48.6279,41.6679,36.5,46,54,12.3,broken clouds
81,Albany,US,42.6001,-73.9662,59.31,93,0,2.77,clear sky
82,Upernavik,GL,72.7868,-56.1549,30.47,57,84,4.09,broken clouds
83,Yar-Sale,RU,66.8333,70.8333,44.31,85,100,20.29,overcast clouds
84,Cortez,US,37.3489,-108.5859,64.51,56,1,5.75,clear sky
85,Ancud,CL,-41.8697,-73.8203,47.73,72,0,5.06,clear sky
86,Pochutla,MX,15.7432,-96.4661,84.02,87,52,3.31,broken clouds
87,Mitsamiouli,KM,-11.3847,43.2844,74.97,84,94,3.06,overcast clouds
88,Antsohihy,MG,-14.8796,47.9875,71.24,93,37,2.42,scattered clouds
89,Barrow,US,71.2906,-156.7887,32.02,86,90,9.22,mist
90,Honningsvag,NO,70.9821,25.9704,42.94,70,99,18.19,overcast clouds
91,Husavik,IS,66.0449,-17.3389,35.51,80,19,9.04,few clouds
92,Taos,US,36.4072,-105.5731,64.8,43,75,3.0,broken clouds
93,Clyde River,CA,70.4692,-68.5914,33.82,98,100,4.45,overcast clouds
94,Nome,US,64.5011,-165.4064,42.87,82,90,6.91,light rain
95,Westerland,DE,54.9079,8.3033,48.22,93,0,3.44,clear sky
96,Mar Del Plata,AR,-38.0023,-57.5575,50.0,68,40,14.0,scattered clouds
97,Rikitea,PF,-23.1203,-134.9692,74.19,76,99,15.73,overcast clouds
98,Nanyamba,TZ,-10.6833,39.8333,66.83,98,76,2.8,broken clouds
99,Severo-Kurilsk,RU,50.6789,156.125,46.78,68,41,14.63,scattered clouds
100,Vila Franca Do Campo,PT,37.7167,-25.4333,75.2,92,100,10.07,overcast clouds
101,Bredasdorp,ZA,-34.5322,20.0403,60.28,88,65,16.11,broken clouds
102,Polunochnoye,RU,60.8697,60.4153,35.4,86,72,5.19,broken clouds
103,Bouza,NE,14.4229,6.0428,87.17,20,26,5.95,scattered clouds
104,Luanda,AO,-8.8368,13.2343,73.4,83,75,8.05,broken clouds
105,Inuvik,CA,68.3499,-133.7218,40.06,58,20,5.75,few clouds
106,Adrar,MR,20.5022,-10.0711,88.27,22,64,5.55,broken clouds
107,Boende,CD,-0.2167,20.8667,71.13,92,54,2.48,broken clouds
108,Anadyr,RU,64.75,177.4833,36.1,87,20,8.01,few clouds
109,Hilo,US,19.7297,-155.09,84.27,71,75,11.5,light rain
110,Valparaiso,CL,-33.0393,-71.6273,56.84,67,0,6.91,clear sky
111,Kyzyl-Suu,KG,42.3414,78.0056,36.68,99,100,4.81,overcast clouds
112,Leningradskiy,RU,69.3833,178.4167,28.71,97,100,3.69,light snow
113,New Norfolk,AU,-42.7826,147.0587,56.71,37,10,12.41,clear sky
114,Teluk Nibung,ID,3.001,99.8164,78.58,86,92,5.73,overcast clouds
115,Chuy,UY,-33.6971,-53.4616,49.19,71,3,13.09,clear sky
116,Ostrovnoy,RU,68.0531,39.5131,46.36,86,100,24.52,overcast clouds
117,Cap Malheureux,MU,-19.9842,57.6142,70.47,79,2,1.01,light rain
118,Richards Bay,ZA,-28.783,32.0377,65.52,87,100,5.37,light rain
119,Strezhevoy,RU,60.7333,77.5889,35.58,95,100,10.76,overcast clouds
120,Merauke,ID,-8.4667,140.3333,83.86,63,45,9.06,scattered clouds
121,Biltine,TD,14.5333,20.9167,79.38,16,69,6.87,broken clouds
122,Zakamensk,RU,50.3741,103.2863,37.11,72,100,2.46,overcast clouds
123,Avera,US,33.194,-82.5271,72.72,92,100,6.24,overcast clouds
124,Namibe,AO,-15.1961,12.1522,60.94,88,7,7.72,clear sky
125,Catamarca,AR,-28.4696,-65.7852,65.59,47,89,9.78,overcast clouds
126,Praia Da Vitoria,PT,38.7333,-27.0667,73.65,83,40,6.76,scattered clouds
127,Jalu,LY,29.0331,21.5482,66.92,56,0,7.47,clear sky
128,Staryy Nadym,RU,65.6118,72.6842,43.5,84,100,19.19,overcast clouds
129,Lebu,CL,-37.6167,-73.65,50.92,81,0,16.28,clear sky
130,San Carlos De Bariloche,AR,-41.1456,-71.3082,38.95,24,0,0.0,clear sky
131,Piet Retief,ZA,-27.0071,30.8132,56.89,96,100,3.24,light rain
132,Poum,NC,-20.2333,164.0167,74.3,75,0,14.38,clear sky
133,Port Hardy,CA,50.6996,-127.4199,51.8,81,75,3.44,light intensity shower rain
134,Labuhan,ID,-6.8844,112.2051,82.27,59,17,11.3,few clouds
135,Umm Lajj,SA,25.0213,37.2685,80.15,54,0,10.49,clear sky
136,Sao Felix Do Xingu,BR,-6.6447,-51.995,74.93,82,17,2.19,few clouds
137,Tsumeb,NA,-19.2333,17.7167,73.87,51,100,5.23,overcast clouds
138,Provideniya,RU,64.3833,-173.3,41.11,81,75,6.71,broken clouds
139,Namatanai,PG,-3.6667,152.4333,84.99,66,69,2.08,broken clouds
140,Esmeraldas,BR,-19.7625,-44.3139,76.24,81,91,6.55,overcast clouds
141,Saint-Philippe,RE,-21.3585,55.7679,69.39,83,12,6.02,few clouds
142,Bandarbeyla,SO,9.4942,50.8122,78.75,82,22,21.32,few clouds
143,Fairlie,GB,55.756,-4.8556,59.4,93,100,3.0,overcast clouds
144,Shushtar,IR,32.0455,48.8567,84.74,18,16,2.21,few clouds
145,Caravelas,BR,-17.7125,-39.2481,73.45,91,4,2.77,clear sky
146,Yarmouth,US,41.7057,-70.2286,61.09,91,1,0.0,clear sky
147,Half Moon Bay,US,37.4636,-122.4286,68.92,60,1,1.01,clear sky
148,Aswan,EG,24.0934,32.907,74.5,38,0,11.5,clear sky
149,Eagle Pass,US,28.7091,-100.4995,88.65,28,9,9.33,clear sky
150,Bulach,CH,47.522,8.5405,50.11,92,40,2.3,light intensity drizzle
151,Huarmey,PE,-10.0681,-78.1522,64.11,86,61,8.25,broken clouds
152,Norman Wells,CA,65.282,-126.8329,35.64,75,20,4.61,few clouds
153,Novochernorechenskiy,RU,56.2669,91.0828,31.19,69,100,5.17,overcast clouds
154,Carndonagh,IE,55.25,-7.2667,61.07,93,100,11.9,overcast clouds
155,Ulaanbaatar,MN,47.9077,106.8832,28.53,74,40,2.24,scattered clouds
156,Bela,IN,25.9333,81.9833,80.51,75,30,2.19,scattered clouds
157,Znamenskoye,RU,57.1281,73.8282,32.59,96,100,6.2,overcast clouds
158,Ngunguru,NZ,-35.6167,174.5,61.16,98,100,3.29,overcast clouds
159,Tuktoyaktuk,CA,69.4541,-133.0374,37.4,70,20,12.66,few clouds
160,Nikolskoye,RU,59.7035,30.7861,49.39,74,0,10.6,clear sky
161,Homer,US,59.6425,-151.5483,46.8,84,90,4.61,moderate rain
162,Coahuayana,MX,18.7333,-103.6833,99.88,84,16,1.81,few clouds
163,Luganville,VU,-15.5333,167.1667,83.86,70,70,7.76,broken clouds
164,Aitape,PG,-3.1374,142.3475,81.0,77,99,1.99,overcast clouds
165,Assiniboia,CA,49.6334,-105.9845,73.31,20,100,11.5,overcast clouds
166,Imbituba,BR,-28.24,-48.6703,67.82,95,100,10.58,moderate rain
167,Macklin,CA,52.3334,-109.9348,55.74,33,100,9.33,overcast clouds
168,Hauterive,FR,46.0901,3.4459,42.58,93,19,0.69,few clouds
169,Sindal,DK,57.4712,10.2031,48.76,93,47,7.81,scattered clouds
170,Jamestown,US,42.097,-79.2353,68.85,83,1,5.75,clear sky
171,Kuusamo,FI,65.9667,29.1833,46.44,93,90,11.5,overcast clouds
172,Port Hawkesbury,CA,45.6169,-61.3485,59.59,79,1,1.01,clear sky
173,Tautira,PF,-17.7333,-149.15,84.22,78,28,10.11,light rain
174,Alofi,NU,-19.0595,-169.9187,80.49,74,75,11.5,light intensity drizzle
175,Margate,GB,51.3813,1.3862,53.96,88,73,7.52,broken clouds
176,Dulyapino,RU,57.2578,40.8147,27.9,88,31,4.59,scattered clouds
177,Alice Springs,AU,-23.7,133.8833,69.35,68,2,11.5,clear sky
178,Vestmanna,FO,62.1564,-7.1664,45.52,87,75,21.85,broken clouds
179,Hamilton,US,39.1834,-84.5333,73.38,86,20,0.0,few clouds
180,Mount Gambier,AU,-37.8333,140.7667,51.71,71,40,17.27,scattered clouds
181,Kawalu,ID,-7.3817,108.2082,73.98,83,97,2.46,overcast clouds
182,Carnarvon,AU,-24.8667,113.6333,66.27,45,0,12.66,clear sky
183,Esperance,AU,-33.8667,121.9,57.04,52,100,9.35,overcast clouds
184,Beyneu,KZ,45.3167,55.2,40.33,41,20,14.88,few clouds
185,Stryn,NO,61.9045,6.7226,52.88,91,100,4.09,overcast clouds
186,Teguise,ES,29.0605,-13.564,66.42,83,20,5.75,few clouds
187,Catio,GW,11.2833,-15.25,78.84,86,45,3.56,scattered clouds
188,Khandyga,RU,62.6667,135.6,33.39,85,100,6.85,light snow
189,Marawi,PH,7.9986,124.2928,71.65,69,100,1.74,overcast clouds
190,Tasiilaq,GL,65.6145,-37.6368,30.36,60,0,5.39,clear sky
191,Nahrin,AF,36.0649,69.1334,52.86,35,0,1.3,clear sky
192,Khash,IR,28.2211,61.2158,64.38,13,0,3.27,clear sky
193,Touros,BR,-5.1989,-35.4608,79.7,84,20,17.2,few clouds
194,Shebalino,RU,51.2917,85.6772,25.79,76,100,2.26,overcast clouds
195,Kovdor,RU,67.5662,30.4758,44.69,94,100,4.65,overcast clouds
196,Hobyo,SO,5.3505,48.5268,78.04,84,40,21.54,scattered clouds
197,Tezpur,IN,26.6333,92.8,75.4,92,36,3.11,scattered clouds
198,Visnes,NO,59.3556,5.2242,54.21,93,90,3.44,overcast clouds
199,Brenham,US,30.1669,-96.3977,80.04,49,1,0.0,clear sky
200,Vao,NC,-22.6667,167.4833,69.73,63,0,17.67,clear sky
201,Elko,US,41.0002,-115.5012,68.02,56,100,20.89,overcast clouds
202,Coihaique,CL,-45.5752,-72.0662,48.15,53,75,5.75,broken clouds
203,Belmonte,BR,-15.8631,-38.8828,77.5,82,0,5.82,clear sky
204,Palana,RU,59.1167,159.9667,30.96,79,100,8.41,light snow
205,Vung Tau,VN,10.346,107.0843,79.84,83,100,8.63,overcast clouds
206,Blama,SL,7.8736,-11.3433,72.97,99,100,1.54,light rain
207,Nuuk,GL,64.1835,-51.7216,36.21,80,90,11.5,overcast clouds
208,Shingu,JP,33.7333,135.9833,79.79,80,58,6.62,broken clouds
209,Bengkulu,ID,-3.8004,102.2655,73.85,94,100,3.83,overcast clouds
210,Grande-Synthe,FR,51.0154,2.2998,53.58,94,20,3.47,few clouds
211,Uruzgan,AF,32.8333,66.0,57.87,17,0,5.79,clear sky
212,Ukhta,RU,63.5671,53.6835,40.15,88,99,9.24,overcast clouds
213,Cockburn Town,TC,21.4612,-71.1419,83.48,76,5,21.88,clear sky
214,Sindgi,IN,16.9167,76.2333,75.06,88,100,7.78,overcast clouds
215,Meghri,AM,38.9029,46.2446,46.69,93,99,6.17,overcast clouds
216,Nairn,GB,57.5809,-3.8797,50.94,94,20,0.0,light rain
217,Airai,TL,-8.9266,125.4092,77.85,31,7,3.8,clear sky
218,Lipnita,RO,44.1,27.6,55.15,81,59,7.65,broken clouds
219,Robertsport,LR,6.7533,-11.3686,78.93,82,100,6.4,light rain
220,Lompoc,US,34.6391,-120.4579,74.01,79,1,12.66,clear sky
221,Korla,CN,41.7597,86.1469,55.78,37,95,7.85,overcast clouds
222,Reyes,BO,-14.3167,-67.3833,75.99,71,12,1.32,few clouds
223,Mersing,MY,2.4312,103.8405,75.11,94,40,5.75,scattered clouds
224,Pontianak,ID,-0.0333,109.3333,80.58,88,20,5.75,few clouds
225,Ketchikan,US,55.3422,-131.6461,52.27,40,20,0.0,few clouds
226,Atar,MR,20.5169,-13.0499,91.67,12,99,5.64,overcast clouds
227,Padrauna,IN,26.9025,83.9819,77.43,85,0,4.07,clear sky
228,Eyl,SO,7.9803,49.8164,78.1,82,86,16.22,overcast clouds
229,Shache,CN,38.4167,77.2406,54.14,45,0,4.54,clear sky
230,Roebourne,AU,-20.7833,117.1333,83.25,28,0,15.3,clear sky
231,Aberdeen,GB,57.1437,-2.0981,52.29,95,90,18.41,light rain
232,Moroto,UG,2.5345,34.6666,71.6,63,93,1.12,overcast clouds
233,Tommot,RU,58.9564,126.2925,33.98,70,76,7.45,broken clouds
234,Yamada,JP,39.4667,141.95,62.76,75,92,3.98,overcast clouds
235,Vila Velha,BR,-20.3297,-40.2925,73.35,88,40,3.44,scattered clouds
236,Bud,US,39.447,-86.1758,70.18,97,100,6.04,overcast clouds
237,Avarua,CK,-21.2078,-159.775,78.85,61,22,12.66,few clouds
238,Itarema,BR,-2.9248,-39.9167,79.36,82,95,15.9,overcast clouds
239,Bathsheba,BB,13.2167,-59.5167,83.01,78,40,20.71,scattered clouds
240,Flinders,AU,-34.5833,150.8552,83.05,43,0,4.0,clear sky
241,Ponta Delgada,PT,37.7333,-25.6667,75.51,100,40,16.11,scattered clouds
242,Inhambane,MZ,-23.865,35.3833,70.97,73,93,8.77,overcast clouds
243,Virginia Beach,US,36.8529,-75.978,73.45,86,90,12.66,overcast clouds
244,Sovetskiy,RU,61.3614,63.5842,40.66,77,98,9.08,overcast clouds
245,Ola,RU,59.5833,151.2833,30.61,38,7,2.15,clear sky
246,Kieta,PG,-6.2167,155.6333,85.82,65,13,3.42,light rain
247,Bereda,ES,43.2686,-7.5406,56.41,100,16,0.92,few clouds
248,Tual,ID,-5.6667,132.75,81.81,75,11,15.5,few clouds
249,Harper,LR,4.375,-7.7169,77.99,86,56,6.89,broken clouds
250,Alta Floresta,BR,-9.8756,-56.0861,71.83,95,72,6.22,broken clouds
251,Tilichiki,RU,60.4667,166.1,30.43,65,100,14.99,overcast clouds
252,Pareora,NZ,-44.4871,171.2132,65.17,92,28,8.39,scattered clouds
253,Stephenville,US,32.2207,-98.2023,78.89,42,1,3.44,clear sky
254,Thompson,CA,55.7435,-97.8558,50.16,62,75,3.44,broken clouds
255,Neustrelitz,DE,53.3667,13.0833,47.39,88,0,3.78,clear sky
256,Rawson,AR,-43.3002,-65.1023,50.04,50,7,20.69,clear sky
257,Marsh Harbour,BS,26.5412,-77.0636,83.71,71,17,13.22,few clouds
258,San Patricio,US,28.017,-97.5169,82.81,52,0,9.04,clear sky
259,Madang,PG,-5.2246,145.7966,86.2,61,100,2.3,overcast clouds
260,Broome,US,42.2506,-75.833,64.6,79,1,0.0,clear sky
261,Wanlaweyn,SO,2.6185,44.8938,74.75,86,58,10.65,broken clouds
262,Chokurdakh,RU,70.6333,147.9167,18.19,91,97,8.25,overcast clouds
263,Torbay,CA,47.6666,-52.7314,54.37,88,1,16.11,clear sky
264,Hambantota,LK,6.1241,81.1185,75.54,100,20,3.44,few clouds
265,Baruun-Urt,MN,46.6806,113.2792,44.46,43,82,9.86,broken clouds
266,Olafsvik,IS,64.8945,-23.7142,41.13,70,100,19.71,overcast clouds
267,Yulara,AU,-25.2406,130.9889,66.04,42,0,16.11,clear sky
268,Constitucion,CL,-35.3333,-72.4167,52.95,70,0,7.18,clear sky
269,Acarau,BR,-2.8856,-40.12,79.47,81,96,16.53,overcast clouds
270,Camopi,GF,3.1655,-52.3158,74.39,88,100,2.57,overcast clouds
271,Georgetown,MY,5.4112,100.3354,82.33,91,40,8.99,scattered clouds
272,Talaya,RU,61.3833,152.75,12.25,74,63,1.97,broken clouds
273,Conde,BR,-7.2597,-34.9075,76.46,88,20,10.36,few clouds
274,Marsa Matruh,EG,31.3525,27.2453,71.8,64,40,11.5,scattered clouds
275,Kaitangata,NZ,-46.2817,169.8464,65.32,50,81,4.43,broken clouds
276,Chatrapur,IN,19.35,84.9833,79.38,86,94,3.6,overcast clouds
277,Bambous Virieux,MU,-20.3428,57.7575,70.21,88,40,8.05,scattered clouds
278,Brasileia,BR,-11.0161,-68.7481,79.3,67,99,2.46,overcast clouds
279,Farmington,US,36.7281,-108.2187,70.48,45,20,4.61,few clouds
280,Port Hedland,AU,-20.3167,118.5667,78.85,44,4,8.05,clear sky
281,Sawtell,AU,-30.3833,153.1,71.92,55,100,5.75,overcast clouds
282,Negombo,LK,7.2083,79.8358,75.25,94,20,3.44,few clouds
283,Ahipara,NZ,-35.1667,173.1667,60.26,90,100,1.57,light rain
284,Clarksville,US,36.5298,-87.3595,72.09,85,20,5.75,few clouds
285,Kavieng,PG,-2.5744,150.7967,82.29,71,100,3.53,overcast clouds
286,Hami,CN,42.8,93.45,53.89,35,100,11.34,overcast clouds
287,Hervey Bay,AU,-25.2986,152.8535,82.04,55,99,7.54,overcast clouds
288,Fort Nelson,CA,58.8053,-122.7002,35.19,93,75,2.3,broken clouds
289,Lavrentiya,RU,65.5833,-171.0,36.95,99,100,7.63,overcast clouds
290,Cherskiy,RU,68.75,161.3,15.24,94,80,7.2,broken clouds
291,Teluknaga,ID,-6.0989,106.6381,86.61,78,20,4.61,few clouds
292,Barra Do Garcas,BR,-15.89,-52.2567,88.38,51,0,5.75,clear sky
293,Noshiro,JP,40.2039,140.0242,56.34,54,50,2.89,scattered clouds
294,Wexford,IE,52.3342,-6.4575,59.67,96,78,14.67,broken clouds
295,Alyangula,AU,-13.8483,136.4192,87.67,62,9,5.75,clear sky
296,Saint-Augustin,CA,51.226,-58.6502,47.7,54,9,13.51,clear sky
297,Sitka,US,57.0531,-135.33,48.09,71,1,6.91,light rain
298,Kahului,US,20.8947,-156.47,86.02,63,40,19.57,scattered clouds
299,Pedernales,DO,18.0384,-71.744,82.47,70,52,8.23,broken clouds
300,Vizinga,RU,61.0749,50.1031,36.07,94,35,6.8,scattered clouds
301,Asau,RO,46.4333,26.4,45.75,94,36,1.66,scattered clouds
302,Soyo,AO,-6.1349,12.3689,75.87,83,100,6.08,overcast clouds
303,Puerto Madryn,AR,-42.7692,-65.0385,50.52,53,0,21.41,clear sky
304,Baykit,RU,61.67,96.37,34.54,96,100,7.94,light rain
305,Menongue,AO,-14.6585,17.691,60.17,81,88,3.11,overcast clouds
306,Paamiut,GL,61.994,-49.6678,37.56,60,100,8.59,overcast clouds
307,Ialibu,PG,-6.2821,143.9935,66.83,68,94,3.78,overcast clouds
308,Tyristrand,NO,60.0837,10.0966,50.22,96,96,2.84,overcast clouds
309,Los Llanos De Aridane,ES,28.6585,-17.9182,67.75,90,90,6.91,overcast clouds
310,Chumikan,RU,54.7183,135.315,40.89,56,7,19.35,clear sky
311,Pompeu,BR,-19.2244,-44.9353,74.77,65,93,2.53,overcast clouds
312,Verkhoyansk,RU,67.5447,133.385,31.98,50,100,13.24,overcast clouds
313,Say,NE,13.1007,2.3689,88.36,50,100,8.7,overcast clouds
314,Berlevag,NO,70.8578,29.0864,42.84,74,100,15.64,overcast clouds
315,Santa Cruz,BO,-17.8,-63.1667,81.86,54,78,5.75,broken clouds
316,Wanning,CN,18.8003,110.3967,80.55,90,100,22.55,light rain
317,Innisfail,AU,-17.5333,146.0333,90.88,58,17,7.92,few clouds
318,Miles City,US,46.4083,-105.8406,81.57,19,20,11.5,few clouds
319,Miramar,US,25.9873,-80.2323,84.22,82,1,8.05,clear sky
320,Gazojak,TM,41.1875,61.4036,40.62,31,59,16.17,broken clouds
321,Port Blair,IN,11.6667,92.75,80.38,84,96,10.67,overcast clouds
322,Prince Rupert,CA,54.3161,-130.3201,50.09,63,1,4.61,clear sky
323,Balgazyn,RU,51.0,95.2,40.86,78,100,2.51,overcast clouds
324,Agadez,NE,19.75,10.25,75.76,16,0,10.25,clear sky
325,Pando,UY,-34.7167,-55.95,51.98,59,8,12.1,clear sky
326,Gisborne,NZ,-38.6533,178.0042,63.95,77,100,15.68,overcast clouds
327,Sunland Park,US,31.7965,-106.58,84.65,25,1,1.99,clear sky
328,Saint-Joseph,RE,-21.3667,55.6167,68.38,83,32,5.82,scattered clouds
329,Henties Bay,NA,-22.116,14.2845,54.86,86,22,2.89,few clouds
330,Chapais,CA,49.7834,-74.8492,55.18,77,100,3.62,overcast clouds
331,Salalah,OM,17.0151,54.0924,80.69,83,75,3.44,broken clouds
332,Visby,SE,57.6409,18.296,55.85,100,90,6.91,mist
333,Ponta Do Sol,PT,32.6667,-17.1,72.23,79,100,2.59,overcast clouds
334,Novo Aripuana,BR,-5.1206,-60.3797,84.29,50,100,1.57,overcast clouds
335,Tocopilla,CL,-22.092,-70.1979,64.54,61,94,0.56,overcast clouds
336,Inirida,CO,3.8653,-67.9239,74.44,97,100,1.59,overcast clouds
337,Warrnambool,AU,-38.3833,142.4833,54.81,56,100,15.86,overcast clouds
338,Porto Novo,BJ,6.4965,2.6036,76.82,88,100,3.69,overcast clouds
339,Komsomolskiy,UZ,40.4272,71.7189,49.42,81,40,6.91,scattered clouds
340,Haldibari,IN,26.3333,88.7667,77.18,86,31,4.41,scattered clouds
341,Khor,RU,47.8861,134.9464,48.34,40,59,5.68,broken clouds
342,Kouroussa,GN,10.65,-9.8833,74.3,84,52,2.35,broken clouds
343,Batagay,RU,67.6333,134.6333,31.32,49,100,8.93,overcast clouds
344,Sawakin,SD,19.1059,37.3321,82.74,67,3,8.46,clear sky
345,Dauriya,RU,49.9333,116.8667,44.69,48,7,13.22,clear sky
346,Vardo,NO,70.3705,31.1107,44.78,70,100,9.1,overcast clouds
347,Presidente Medici,BR,-11.1753,-61.9014,79.54,68,16,2.75,few clouds
348,Bethel,US,41.3712,-73.414,64.71,89,75,0.0,broken clouds
349,Oranjemund,NA,-28.55,16.4333,58.95,67,0,6.33,clear sky
350,La Joya,MX,18.6667,-99.4667,74.71,90,5,4.41,clear sky
351,Bulgan,MN,48.8125,103.5347,42.1,64,100,3.91,overcast clouds
352,Comodoro Rivadavia,AR,-45.8667,-67.5,58.86,23,0,10.36,clear sky
353,Sibu,MY,2.3,111.8167,80.91,83,20,5.01,few clouds
354,Goderich,CA,43.7501,-81.7165,64.72,77,93,4.61,overcast clouds
355,Ostersund,SE,63.1792,14.6357,46.62,100,90,10.36,light rain
356,Pallasovka,RU,50.05,46.8833,37.65,57,21,6.87,few clouds
357,Ilulissat,GL,69.2167,-51.1,24.82,68,99,2.3,overcast clouds
358,Chik,RU,54.9928,82.4311,32.18,80,0,6.71,clear sky
359,Gao,ML,16.6362,1.637,87.28,14,5,11.21,clear sky
360,Inta,RU,66.0317,60.1659,43.84,87,100,19.08,overcast clouds
361,Bekhtery,UA,46.251,32.2927,46.83,48,21,17.36,few clouds
362,Pacific Grove,US,36.6177,-121.9166,68.58,73,1,5.01,clear sky
363,Lasa,IT,46.6166,10.7002,49.08,95,99,8.81,overcast clouds
364,Bafoulabe,ML,13.8065,-10.8321,81.05,63,100,4.0,overcast clouds
365,Chauk,MM,20.8833,94.8167,82.54,75,28,1.59,scattered clouds
366,Banda Aceh,ID,5.5577,95.3222,80.46,79,100,10.2,overcast clouds
367,Buin,CL,-33.7333,-70.75,68.74,53,0,2.15,clear sky
368,Lata,PT,40.1629,-8.3327,59.07,72,0,3.98,clear sky
369,Millerovo,RU,48.9226,40.3967,39.38,45,94,12.62,overcast clouds
370,Nemuro,JP,43.3236,145.575,55.83,57,94,1.41,overcast clouds
371,Morehead,US,37.2711,-87.1764,73.11,87,40,0.0,scattered clouds
372,Qasigiannguit,GL,68.8193,-51.1922,25.05,83,99,5.17,overcast clouds
373,Vertientes,CU,21.2594,-78.1464,81.21,90,39,8.52,scattered clouds
374,Verkhnyaya Maksakovka,RU,61.635,50.9674,35.62,87,0,8.95,clear sky
375,Knysna,ZA,-34.0363,23.0471,55.78,89,7,6.62,clear sky
376,Buchanan,LR,5.8808,-10.0467,76.6,91,59,5.35,light rain
377,Nikki,BJ,9.9401,3.2108,73.83,90,94,5.84,overcast clouds
378,Svetlogorsk,BY,52.6333,29.7333,35.65,63,0,7.43,clear sky
379,Lorengau,PG,-2.0226,147.2712,83.28,73,13,4.41,few clouds
380,Sao Filipe,CV,14.8961,-24.4956,79.39,77,13,7.2,few clouds
381,Bambanglipuro,ID,-7.95,110.2833,79.02,65,94,6.69,overcast clouds
382,Kavaratti,IN,10.5669,72.642,82.2,72,99,4.07,overcast clouds
383,Takoradi,GH,4.8845,-1.7554,76.26,91,100,5.66,overcast clouds
384,Ternate,ID,0.8,127.4,83.75,72,95,5.86,overcast clouds
385,Umuarama,BR,-23.7664,-53.325,71.04,93,100,3.11,overcast clouds
386,Kirakira,SB,-10.4544,161.9205,85.77,70,8,11.52,clear sky
387,Buckeye,US,33.3703,-112.5838,91.11,26,100,3.44,overcast clouds
388,Kismayo,SO,-0.3582,42.5454,77.0,78,86,15.79,overcast clouds
389,Kapit,MY,2.0167,112.9333,82.67,77,43,0.81,scattered clouds
390,Krasnoselkup,RU,65.7,82.4667,41.07,95,100,17.47,light rain
391,Kungurtug,RU,50.5994,97.5228,36.09,90,100,2.19,overcast clouds
392,Carmo Do Rio Claro,BR,-20.9719,-46.1189,69.26,88,85,3.13,overcast clouds
393,Suicheng,CN,33.8963,117.9331,63.14,80,100,12.64,light rain
394,Tessalit,ML,20.1986,1.0114,84.29,10,6,6.38,clear sky
395,Ouegoa,NC,-20.35,164.4333,81.19,57,1,2.17,clear sky
396,Havoysund,NO,70.9963,24.6622,41.88,70,100,18.19,overcast clouds
397,Itajai,BR,-26.9078,-48.6619,70.2,100,75,4.61,broken clouds
398,Sudak,UA,44.85,34.9667,51.01,75,100,19.04,overcast clouds
399,Nadym,RU,65.5333,72.5167,43.36,85,100,19.57,overcast clouds
400,Papara,BR,-3.9839,-38.7273,79.68,90,98,5.5,overcast clouds
401,Choma,ZM,-16.8065,26.9531,67.15,44,3,6.35,clear sky
402,Solnechnyy,RU,50.7214,136.6319,44.64,37,1,3.29,clear sky
403,Satuk,TR,41.2263,32.3836,46.22,94,5,2.82,clear sky
404,Boyolangu,ID,-8.1181,111.8935,78.19,67,84,7.4,broken clouds
405,Turukhansk,RU,65.8167,87.9833,37.33,98,100,12.24,light rain
406,San Isidro,PE,-12.1167,-77.05,61.25,78,90,8.05,overcast clouds
407,Taoudenni,ML,22.6783,-3.9836,90.21,9,0,11.77,clear sky
408,Vestmannaeyjar,IS,63.4427,-20.2734,45.18,81,100,32.99,overcast clouds
409,Fairbanks,US,64.8378,-147.7164,42.76,68,75,3.44,broken clouds
410,Ornskoldsvik,SE,63.2909,18.7153,51.62,100,90,6.91,overcast clouds
411,Sunbury,AU,-37.5833,144.7333,58.62,57,40,7.0,scattered clouds
412,Encheng,CN,22.1839,112.3026,83.88,70,19,9.42,few clouds
413,Khatanga,RU,71.9667,102.5,13.37,98,88,5.91,overcast clouds
414,Port Augusta,AU,-32.5,137.7667,60.71,42,6,16.17,clear sky
415,Tweed,CA,44.4751,-77.3162,61.14,94,0,1.99,clear sky
416,Mtwara,TZ,-10.2667,40.1833,71.13,93,52,6.17,broken clouds
417,Mudon,MM,16.2578,97.7164,77.36,92,94,3.11,overcast clouds
418,Te Anau,NZ,-45.4167,167.7167,53.19,76,100,4.94,overcast clouds
419,Vitim,RU,59.4511,112.5578,31.8,80,100,14.7,overcast clouds
420,Derzhavinsk,KZ,51.1,66.3167,30.13,66,0,3.78,clear sky
421,San Fernando,PH,15.0286,120.6898,84.22,79,94,2.35,overcast clouds
422,Bucerias,MX,20.75,-105.3333,87.78,70,40,8.05,scattered clouds
423,Verkhnevilyuysk,RU,63.4453,120.3167,31.05,81,100,10.78,overcast clouds
424,Dalaba,GN,10.7,-12.25,63.57,90,100,2.33,overcast clouds
425,Matara,LK,5.9485,80.5353,77.95,88,69,6.2,broken clouds
426,Harindanga,IN,22.0383,88.3214,80.58,84,10,1.92,clear sky
427,Port-Gentil,GA,-0.7193,8.7815,77.04,81,100,13.96,overcast clouds
428,Grao Mogol,BR,-16.5594,-42.8897,72.46,54,72,4.65,broken clouds
429,Abrau-Dyurso,RU,44.69,37.59,45.86,81,38,18.1,scattered clouds
430,Omboue,GA,-1.5746,9.2618,74.89,84,100,5.7,overcast clouds
431,Zhigansk,RU,66.7697,123.3711,28.45,90,100,22.37,light snow
432,Ballina,AU,-28.8667,153.5667,73.58,56,39,6.91,scattered clouds
433,Ayan,RU,56.45,138.1667,41.13,46,41,7.81,scattered clouds
434,Najran,SA,17.4924,44.1277,74.05,35,5,2.73,clear sky
435,Barsovo,RU,61.1667,73.1667,37.53,94,100,10.33,overcast clouds
436,Aksu,CN,41.1231,80.2644,52.36,55,30,5.46,scattered clouds
437,Beringovskiy,RU,63.05,179.3167,34.34,77,96,7.78,overcast clouds
438,Meulaboh,ID,4.1363,96.1285,78.08,84,92,4.63,overcast clouds
439,Kruisfontein,ZA,-34.0033,24.7314,54.88,96,21,6.11,few clouds
440,Georgiyevka,KZ,43.0369,74.7114,37.44,87,40,4.47,scattered clouds
441,Iqaluit,CA,63.7506,-68.5145,40.73,70,75,12.66,broken clouds
442,Ode,NG,7.7899,5.7117,70.41,97,100,5.23,overcast clouds
443,Canar,EC,-2.55,-78.9333,51.84,90,100,5.73,overcast clouds
444,Rio Grande,BR,-32.035,-52.0986,54.95,66,84,22.28,broken clouds
445,Mount Isa,AU,-20.7333,139.5,94.77,20,100,9.22,overcast clouds
446,San Cristobal,VE,7.7669,-72.225,71.78,97,97,3.18,overcast clouds
447,Viedma,AR,-40.8135,-62.9967,39.16,67,0,10.8,clear sky
448,Shetpe,KZ,44.1667,52.1167,41.5,55,98,16.04,overcast clouds
449,Hofn,IS,64.2539,-15.2082,40.53,88,100,17.98,overcast clouds
450,Nelson Bay,AU,-32.7167,152.15,77.09,37,100,7.34,overcast clouds
451,Okitipupa,NG,6.5047,4.7839,75.51,94,100,2.75,overcast clouds
452,Ajdabiya,LY,30.7554,20.2263,68.52,56,0,6.42,clear sky
453,Anju,KP,39.6178,125.6647,56.32,91,100,4.07,overcast clouds
454,Storforshei,NO,66.4043,14.5233,45.66,95,100,1.88,light rain
455,Urumqi,CN,43.801,87.6005,34.75,87,90,4.47,mist
456,Coquimbo,CL,-29.9533,-71.3436,55.13,82,90,8.05,overcast clouds
457,Borogontsy,RU,62.6683,131.1683,32.99,80,98,7.4,overcast clouds
458,Huron,US,41.1501,-82.5499,70.68,94,73,4.12,broken clouds
459,Cam Ranh,VN,11.9214,109.1591,76.96,94,20,2.3,few clouds
460,Save,BJ,8.0425,2.486,73.78,97,100,2.93,overcast clouds
461,Beckley,US,37.7782,-81.1882,70.29,90,1,1.01,clear sky
462,Progreso,MX,21.2833,-89.6667,82.51,78,97,11.18,overcast clouds
463,Tuatapere,NZ,-46.1333,167.6833,67.82,53,100,7.07,overcast clouds
464,Wewak,PG,-3.5534,143.6268,82.67,70,90,4.18,overcast clouds
465,Kangaatsiaq,GL,68.3065,-53.4641,34.34,63,100,10.36,overcast clouds
466,Vanimo,PG,-2.6741,141.3028,80.2,85,95,5.66,overcast clouds
467,Riohacha,CO,11.5444,-72.9072,84.52,70,100,17.43,overcast clouds
468,Jasper,US,37.2001,-94.3502,68.05,82,90,1.01,overcast clouds
469,San Andres,CO,12.5847,-81.7006,80.62,89,75,3.44,broken clouds
470,Saint-Felicien,CA,48.6501,-72.4491,50.68,87,20,2.3,few clouds
471,Namuac,PH,18.6109,121.1657,82.76,74,100,4.97,overcast clouds
472,Kogon,UZ,39.7228,64.5517,47.84,45,0,16.11,clear sky
473,San Vicente,AR,-26.6167,-54.1333,63.99,99,100,5.06,overcast clouds
474,San Juan,AR,-31.5375,-68.5364,54.63,31,2,7.18,clear sky
475,Kloulklubed,PW,7.0419,134.2556,86.5,75,34,18.52,scattered clouds
476,Faanui,PF,-16.4833,-151.75,78.66,70,14,11.12,few clouds
477,Galesong,ID,-5.3166,119.3661,78.82,62,8,10.11,clear sky
478,Beloha,MG,-25.1667,45.05,59.97,71,0,5.41,clear sky
479,Nishihara,JP,26.1842,127.7558,81.68,92,90,3.44,overcast clouds
480,Kapuskasing,CA,49.4169,-82.4331,60.89,88,20,5.75,few clouds
481,Horta,PT,38.5333,-28.6333,70.93,88,100,12.17,overcast clouds
482,Huilong,CN,31.8111,121.655,82.04,75,15,10.54,few clouds
483,Fiumicino,IT,41.7675,12.2291,61.34,85,0,5.75,clear sky
484,Yelniki,RU,54.6207,43.876,34.45,80,17,3.58,few clouds
485,Ambam,CM,2.3833,11.2833,68.5,100,100,1.97,moderate rain
486,Sao Paulo De Olivenca,BR,-3.3783,-68.8725,74.66,98,100,0.63,overcast clouds
487,Cidreira,BR,-30.1811,-50.2056,62.85,77,99,16.67,overcast clouds
488,Nizwa,OM,22.9333,57.5333,78.39,69,4,0.92,clear sky
489,Karaton,ID,-6.3424,106.1045,84.96,66,100,2.37,overcast clouds
490,San Antonio,US,29.4241,-98.4936,84.65,42,1,8.05,clear sky
491,Acari,PE,-15.4311,-74.6158,67.86,76,69,4.47,broken clouds
492,Novyy Urengoy,RU,66.0833,76.6333,43.0,89,100,24.61,light rain
493,Mombetsu,JP,44.3525,143.3525,57.85,54,75,2.3,broken clouds
494,Parry Sound,CA,45.3501,-80.033,62.51,82,0,0.65,clear sky
495,Victoria,HK,22.2855,114.1577,89.22,69,8,1.99,clear sky
496,Oussouye,SN,12.485,-16.5469,82.58,76,48,4.56,scattered clouds
497,Brae,GB,60.3964,-1.353,49.91,81,100,14.27,overcast clouds
498,Padang,ID,-0.9492,100.3543,75.25,76,86,2.33,overcast clouds
499,Dunedin,NZ,-45.8742,170.5036,55.8,84,3,11.01,clear sky
500,Sao Joao Batista,BR,-27.2761,-48.8494,71.82,99,100,2.24,overcast clouds
501,Semey,KZ,50.4111,80.2275,32.22,80,75,6.71,broken clouds
502,Katsuura,JP,35.1333,140.3,73.11,72,100,10.71,overcast clouds
503,Sola,VU,-13.8833,167.55,86.67,74,40,0.0,scattered clouds
504,Bandar-E Lengeh,IR,26.5579,54.8807,82.51,83,0,0.0,mist
505,Vostok,RU,46.4856,135.8833,48.4,54,60,4.68,broken clouds
506,Manama,BH,26.2154,50.5832,87.35,79,1,3.44,clear sky
507,Ploemeur,FR,47.7333,-3.4333,60.82,96,90,6.91,overcast clouds
508,Tabuk,PH,17.4189,121.4443,80.38,82,100,1.72,overcast clouds
509,El Alto,PE,-4.2714,-81.2147,62.26,87,24,16.06,few clouds
510,Sharjah,AE,25.3573,55.4033,86.02,50,0,3.44,clear sky
511,Xuanhua,CN,40.6103,115.0447,52.57,74,22,2.77,few clouds
512,Takhtamygda,RU,54.1,123.5667,34.18,80,100,2.77,light rain
513,Kerman,IR,30.2832,57.0788,60.66,21,0,4.61,clear sky
514,Bograd,RU,54.2344,90.8328,31.75,72,100,2.51,overcast clouds
515,Mehamn,NO,71.0357,27.8492,42.06,73,100,16.28,overcast clouds
516,Waipawa,NZ,-41.4122,175.5153,59.63,95,100,7.67,overcast clouds
517,Kilindoni,TZ,-7.9139,39.6668,77.2,76,63,7.78,broken clouds
518,Laguna De Perlas,NI,12.3429,-83.6712,79.7,88,100,6.08,light rain
519,Sisimiut,GL,66.9395,-53.6735,35.73,72,100,6.6,overcast clouds
520,Zhuanghe,CN,39.7008,122.9911,56.77,75,2,8.25,clear sky
521,Nanortalik,GL,60.1432,-45.2371,37.94,60,85,4.45,overcast clouds
522,Larsnes,NO,62.2028,5.5773,52.59,91,100,7.99,overcast clouds
523,La Seyne-Sur-Mer,FR,43.0982,5.8847,61.88,46,0,3.0,clear sky
524,Ossora,RU,59.2353,163.0719,38.66,53,100,4.52,overcast clouds
525,Svetlaya,RU,46.5389,138.3297,55.98,46,70,8.81,broken clouds
526,Conceicao Do Araguaia,BR,-8.2578,-49.2647,78.78,66,11,2.06,few clouds
527,Talnakh,RU,69.4865,88.3972,34.97,100,100,4.85,light rain
528,Oranjestad,AW,12.524,-70.027,84.15,74,20,18.41,few clouds
529,Cermik,TR,38.1361,39.4493,46.89,41,0,5.06,clear sky
530,Shimanovsk,RU,52.0,127.7,34.7,96,100,9.53,light rain
531,Ovalle,CL,-30.5983,-71.2003,62.73,55,0,2.86,clear sky
532,Burnie,AU,-41.0667,145.9167,54.95,51,6,15.21,clear sky
533,Le Port,RE,-20.9373,55.2919,68.61,83,11,5.57,few clouds
534,Canlaon,PH,10.3864,123.1964,78.73,73,85,3.15,overcast clouds
535,Rocha,UY,-34.4833,-54.3333,49.06,61,50,13.78,scattered clouds
536,Chicama,PE,-7.8447,-79.1469,61.34,81,65,5.97,broken clouds
537,Poso,ID,-1.3959,120.7524,85.19,62,52,1.9,broken clouds
538,Lima,PE,-12.0432,-77.0282,60.13,75,90,8.05,overcast clouds
539,Dingle,PH,10.9995,122.6711,83.16,78,95,1.74,overcast clouds
540,Valerianovsk,RU,58.76,59.5522,33.57,91,36,5.14,scattered clouds
541,Svetlyy,RU,54.675,20.1347,50.05,61,100,10.83,overcast clouds
542,Tandil,AR,-37.3217,-59.1332,37.09,89,2,5.03,clear sky
543,The Valley,AI,18.217,-63.0578,83.1,79,99,19.1,overcast clouds
544,Aykhal,RU,66.0,111.5,29.61,93,100,10.8,overcast clouds
545,Aklavik,CA,68.2191,-135.0107,40.03,84,99,6.38,overcast clouds
546,Tucupita,VE,9.0622,-62.051,74.5,98,11,3.36,few clouds
547,Burgeo,CA,47.6167,-57.6152,52.97,82,100,12.84,overcast clouds
548,Mbandaka,CD,0.0487,18.2603,71.13,91,69,2.95,broken clouds
549,Kingston,JM,17.997,-76.7936,83.35,78,20,21.85,few clouds
550,Savannah Bight,HN,16.45,-85.85,80.65,78,100,13.73,overcast clouds
551,Keti Bandar,PK,24.1447,67.4497,79.47,86,71,7.72,broken clouds
552,La Ronge,CA,55.1001,-105.2842,55.65,58,90,9.22,smoke
553,Tarrafal,CV,15.2833,-23.7667,79.59,80,59,9.75,broken clouds
554,Atasu,KZ,48.6814,71.6433,24.89,87,8,7.16,clear sky
555,Taicheng,CN,38.731,113.228,47.93,79,100,1.21,overcast clouds
556,Sretensk,RU,52.2453,117.7093,40.55,71,9,4.79,clear sky
557,Sept-Iles,CA,50.2001,-66.3821,56.05,58,40,1.01,scattered clouds
558,Pingzhuang,CN,42.0372,119.2889,49.77,59,6,5.23,clear sky
559,Siocon,PH,7.7061,122.1353,85.14,71,62,1.68,broken clouds
560,Morondava,MG,-20.2833,44.2833,70.36,62,0,12.17,clear sky
561,Shelburne,CA,44.0787,-80.2041,59.79,80,97,4.38,overcast clouds
562,Bogale,MM,16.2833,95.4,79.16,91,100,5.32,overcast clouds
563,North Bend,US,43.4065,-124.2243,60.85,88,1,9.22,clear sky
564,Cabedelo,BR,-6.9811,-34.8339,77.67,83,61,14.52,broken clouds
565,Bloomfield,US,40.8068,-74.1854,68.67,85,90,1.01,overcast clouds
566,Montepuez,MZ,-13.1256,38.9997,69.33,83,98,5.48,overcast clouds
567,Mastic Beach,US,40.7668,-72.8521,67.98,83,100,1.01,overcast clouds
568,Birin,NP,26.8865,88.0718,62.13,91,39,2.19,scattered clouds
569,Barillas,GT,15.8036,-91.3158,70.14,98,94,1.97,overcast clouds
570,Santiago,CL,-33.4569,-70.6483,67.86,39,0,11.5,clear sky
571,Biryusinsk,RU,55.9634,97.8235,31.39,74,29,4.43,scattered clouds
572,Yumen,CN,40.2833,97.2,49.48,48,0,12.03,clear sky
573,San Quintin,MX,30.4833,-115.95,68.67,78,100,12.21,overcast clouds
574,Skoczow,PL,49.8009,18.7877,56.23,95,100,1.34,overcast clouds
575,Makakilo City,US,21.3469,-158.0858,82.72,50,75,13.8,broken clouds
576,Lannion,FR,48.75,-3.4167,59.25,94,90,6.91,overcast clouds
577,Harrisburg,US,40.2737,-76.8844,69.39,91,90,1.01,overcast clouds
578,Jerantut,MY,3.936,102.3626,79.03,82,68,1.14,broken clouds
579,Zhanaozen,KZ,43.3,52.8,44.24,54,100,17.34,overcast clouds
580,Chandler,US,33.3062,-111.8412,89.89,25,40,3.44,scattered clouds
581,Cayenne,GF,4.9333,-52.3333,83.08,83,75,2.3,broken clouds
582,Kurilsk,RU,45.2333,147.8833,50.63,59,73,11.99,broken clouds
583,Ngaoundere,CM,7.3167,13.5833,64.62,93,100,2.13,overcast clouds
584,Igarka,RU,67.4667,86.5833,34.95,98,100,9.33,light rain
585,Ayagoz,KZ,47.9714,80.4392,26.74,85,93,2.15,overcast clouds
586,Shimoda,JP,34.6667,138.95,70.16,82,99,6.4,overcast clouds
587,Uige,AO,-7.6087,15.0613,67.53,92,100,2.86,overcast clouds
588,Gamba,GA,-2.65,10.0,74.79,84,100,3.85,overcast clouds
589,Sile,TR,41.1754,29.6133,61.57,72,49,1.99,scattered clouds
590,Hereford,GB,52.0568,-2.7148,58.78,66,100,5.55,overcast clouds
591,Altay,CN,47.8667,88.1167,26.04,55,3,4.41,clear sky
592,Lerwick,GB,60.1545,-1.1494,50.0,82,100,18.63,overcast clouds
593,Pleshanovo,RU,52.8333,53.4833,35.4,84,3,1.59,clear sky
594,Rio Negro,BR,-26.1058,-49.7975,62.67,100,100,2.06,light rain
595,Santo Antonio Do Ica,BR,-3.1022,-67.9397,74.7,97,99,1.3,overcast clouds
596,Conroe,US,30.3119,-95.456,81.46,67,1,0.0,clear sky
597,Saint Anthony,US,45.0205,-93.218,71.53,74,90,0.0,overcast clouds
598,Bara,NG,10.3744,10.7288,78.44,74,86,4.27,overcast clouds
599,Lithakia,GR,37.7167,20.8333,69.58,83,100,11.36,overcast clouds
600,Pacifica,US,37.6138,-122.4869,67.59,71,75,1.01,broken clouds
601,Sukhumi,GE,43.0033,41.0153,54.45,77,14,5.32,few clouds
602,Sabang,ID,5.8933,95.3214,81.5,77,100,16.42,overcast clouds
603,Bonthe,SL,7.5264,-12.505,77.47,87,40,3.69,light rain
604,Jardim,BR,-21.4803,-56.1381,77.81,70,56,1.63,broken clouds
605,Sheregesh,RU,52.9209,87.9869,29.48,97,100,4.5,light snow
606,Goya,AR,-29.14,-59.2626,66.65,58,100,11.7,overcast clouds
607,Phan Thiet,VN,10.9333,108.1,78.48,85,100,9.48,overcast clouds
608,Matagami,CA,49.7502,-77.6328,51.91,87,1,2.3,clear sky
609,Kamaishi,JP,39.2667,141.8833,58.15,79,87,4.16,overcast clouds
610,Kattivakkam,IN,13.2167,80.3167,80.69,84,29,10.22,scattered clouds
611,Muros,ES,42.7762,-9.0603,67.84,93,15,5.14,few clouds
612,Bilma,NE,18.6853,12.9164,79.5,17,0,4.21,clear sky
613,Uray,RU,60.1247,64.7758,36.43,86,54,8.63,broken clouds
614,Canillo,AD,42.5833,1.6667,38.5,53,81,5.23,broken clouds
615,Nyrob,RU,60.733,56.7202,33.06,96,10,4.27,clear sky
616,Proletariy,RU,58.4342,31.7046,44.11,76,0,11.1,clear sky
617,Helena,US,46.5927,-112.0361,70.79,36,90,5.01,overcast clouds
618,Pali,IN,25.7667,73.3333,84.34,50,100,5.12,overcast clouds
619,Grand Gaube,MU,-20.0064,57.6608,70.38,81,2,1.01,light rain
620,Solton,RU,52.8429,86.4787,32.36,92,100,9.01,overcast clouds
621,Ruteng,ID,-8.6136,120.4721,73.67,61,12,2.26,few clouds
622,Mumford,GH,5.2618,-0.759,77.11,90,99,8.7,overcast clouds
623,Northam,GB,51.0333,-4.2167,60.42,93,100,10.22,overcast clouds
624,Vrangel,RU,42.7297,133.0839,50.92,85,100,6.67,overcast clouds
625,Zarubino,RU,42.63,131.0922,50.56,91,100,8.48,overcast clouds
626,Rio Gallegos,AR,-51.6226,-69.2181,48.25,53,0,23.02,clear sky
627,La Tuque,CA,47.4334,-72.7824,52.05,87,2,1.14,clear sky
628,Kedrovyy,RU,56.1667,91.8167,28.81,72,100,5.68,overcast clouds
629,Sayyan,YE,15.1718,44.3244,59.83,45,10,4.68,clear sky
630,Kindu,CD,-2.95,25.95,68.67,96,19,1.07,few clouds
631,Samarai,PG,-10.6167,150.6667,82.47,74,68,8.21,broken clouds
632,Macau,MO,22.2006,113.5461,86.13,79,20,18.41,few clouds
633,Chimoio,MZ,-19.1164,33.4833,66.06,93,75,5.55,broken clouds
634,Liberty,US,31.8335,-81.5004,75.31,97,1,1.01,clear sky
635,Hasaki,JP,35.7333,140.8333,72.28,68,96,10.02,overcast clouds
636,Medea,DZ,36.2642,2.7539,54.05,79,30,2.68,scattered clouds
637,Kirando,TZ,-7.4167,30.6,76.66,54,93,4.27,overcast clouds
638,Suoyarvi,RU,62.0833,32.35,45.19,80,8,12.73,clear sky
639,Abu Samrah,SY,35.3029,37.1841,62.22,28,0,2.64,clear sky
640,Uporovo,RU,56.3109,66.2693,34.27,91,9,7.43,clear sky
641,Boralday,KZ,43.3578,76.8594,33.66,86,75,0.0,broken clouds
642,Gat,IL,31.61,34.7642,68.81,60,0,4.81,clear sky
643,Narsaq,GL,60.9167,-46.05,44.82,52,94,9.01,overcast clouds
644,Ilinskiy,RU,55.619,38.1182,38.52,100,64,2.24,broken clouds
645,Krivosheino,RU,57.3431,83.9261,34.56,95,100,9.6,overcast clouds
646,Moose Factory,CA,51.2585,-80.6094,58.98,77,1,3.44,clear sky
647,Bam,IR,29.106,58.357,75.99,16,3,1.61,clear sky
648,Santa Maria,BR,-29.6842,-53.8069,60.1,94,0,2.3,clear sky
649,Miyako,JP,39.6367,141.9525,62.85,71,86,3.49,overcast clouds
650,Piacabucu,BR,-10.4056,-36.4344,74.7,85,13,8.01,few clouds
651,Port-Cartier,CA,50.0334,-66.8654,55.74,64,72,4.9,broken clouds
652,Hokitika,NZ,-42.7167,170.9667,59.16,82,9,10.6,clear sky
653,Qingdao,CN,36.0986,120.3719,60.4,82,40,8.95,scattered clouds
654,Port Shepstone,ZA,-30.7414,30.455,65.07,88,22,13.0,few clouds
655,Quatre Cocos,MU,-20.2078,57.7625,70.09,86,0,5.46,clear sky
656,Pangnirtung,CA,66.1451,-65.7125,35.78,75,44,3.09,scattered clouds
657,Giaginskaya,RU,44.8621,40.0719,46.78,75,100,20.09,overcast clouds
658,Kosice,SK,48.6667,21.3333,54.57,96,100,8.05,light rain
659,Lovington,US,32.944,-103.3485,78.64,37,5,8.66,clear sky
660,Outjo,NA,-20.1167,16.15,62.4,31,100,3.4,overcast clouds
661,At-Bashi,KG,41.1702,75.8106,40.75,91,100,2.64,overcast clouds
662,Luwuk,ID,-0.9516,122.7875,84.13,69,100,5.53,overcast clouds
663,Moerai,PF,-22.4333,-151.3333,75.76,72,100,6.91,overcast clouds
664,Beaverlodge,CA,55.2166,-119.4361,40.35,91,74,4.68,broken clouds
665,El Campo,US,29.1966,-96.2697,80.28,56,2,6.69,clear sky
666,Nouadhibou,MR,20.931,-17.0347,75.18,69,0,19.57,clear sky
667,Jinchang,CN,38.4953,102.1739,51.73,62,11,2.1,few clouds
668,Saint-Louis,SN,16.3333,-15.0,85.64,48,9,11.14,clear sky
669,Sindor,RU,62.8629,51.8905,37.51,93,9,8.08,clear sky
670,Sur,OM,22.5667,59.5289,80.69,71,5,4.74,clear sky
671,Naryshkino,RU,52.9678,35.7268,35.28,61,17,6.67,few clouds
672,Mujiayingzi,CN,42.1167,118.7833,47.57,64,6,3.2,clear sky
